,company,model,engine,engine2,year,km,location,money
0,현대,그랜저 HG,LPG HG300 모던,,13/08(14년식),"137,626km",인천,"1,170"
1,현대,그랜저 HG,LPG HG300 모던,,13/06(14년식),"142,923km",광주,"1,189"
2,현대,그랜저 HG,LPG HG300 모던,,13/04(14년식),"131,076km",대전,"1,080"
3,현대,그랜저 HG,HG240 모던,,13/06(14년식),"128,300km",서울,"1,239"
4,현대,그랜저 HG,HG300 프리미엄,,13/09(14년식),"174,902km",경기,899
5,현대,그랜저 HG,LPG HG300 모던,,13/08(14년식),"137,626km",인천,"1,170"
6,현대,그랜저 HG,LPG HG300 모던,,13/06(14년식),"142,923km",광주,"1,189"
7,현대,그랜저 HG,LPG HG300 모던,,13/04(14년식),"131,076km",대전,"1,080"
8,현대,그랜저 HG,HG240 모던,,13/06(14년식),"128,300km",서울,"1,239"
9,현대,그랜저 HG,HG300 프리미엄,,13/09(14년식),"174,902km",경기,899
10,현대,그랜저 HG,LPG HG300 모던,,13/08(14년식),"137,626km",인천,"1,170"
11,현대,그랜저 HG,LPG HG300 모던,,13/06(14년식),"142,923km",광주,"1,189"
12,현대,그랜저 HG,LPG HG300 모던,,13/04(14년식),"131,076km",대전,"1,080"
13,현대,그랜저 HG,HG240 모던,,13/06(14년식),"128,300km",서울,"1,239"
14,현대,그랜저 HG,HG300 프리미엄,,13/09(14년식),"174,902km",경기,899
15,현대,그랜저 HG,LPG HG300 모던,,13/08(14년식),"137,626km",인천,"1,170"
16,현대,그랜저 HG,LPG HG300 모던,,13/06(14년식),"142,923km",광주,"1,189"
17,현대,그랜저 HG,LPG HG300 모던,,13/04(14년식),"131,076km",대전,"1,080"
18,현대,그랜저 HG,HG240 모던,,13/06(14년식),"128,300km",서울,"1,239"
19,현대,그랜저 HG,HG300 프리미엄,,13/09(14년식),"174,902km",경기,899
20,현대,그랜저 HG,LPG HG300 모던,,13/08(14년식),"137,626km",인천,"1,170"
21,현대,그랜저 HG,LPG HG300 모던,,13/06(14년식),"142,923km",광주,"1,189"
22,현대,그랜저 HG,LPG HG300 모던,,13/04(14년식),"131,076km",대전,"1,080"
23,현대,그랜저 HG,HG240 모던,,13/06(14년식),"128,300km",서울,"1,239"
24,현대,그랜저 HG,HG300 프리미엄,,13/09(14년식),"174,902km",경기,899
25,현대,그랜저 HG,LPG HG300 모던,,13/08(14년식),"137,626km",인천,"1,170"
26,현대,그랜저 HG,LPG HG300 모던,,13/06(14년식),"142,923km",광주,"1,189"
27,현대,그랜저 HG,LPG HG300 모던,,13/04(14년식),"131,076km",대전,"1,080"
28,현대,그랜저 HG,HG240 모던,,13/06(14년식),"128,300km",서울,"1,239"
29,현대,그랜저 HG,HG300 프리미엄,,13/09(14년식),"174,902km",경기,899
30,현대,그랜저 HG,LPG HG300 모던,,13/08(14년식),"137,626km",인천,"1,170"
31,현대,그랜저 HG,LPG HG300 모던,,13/06(14년식),"142,923km",광주,"1,189"
32,현대,그랜저 HG,LPG HG300 모던,,13/04(14년식),"131,076km",대전,"1,080"
33,현대,그랜저 HG,HG240 모던,,13/06(14년식),"128,300km",서울,"1,239"
34,현대,그랜저 HG,HG300 프리미엄,,13/09(14년식),"174,902km",경기,899
35,현대,그랜저 HG,LPG HG300 모던,,13/08(14년식),"137,626km",인천,"1,170"
36,현대,그랜저 HG,LPG HG300 모던,,13/06(14년식),"142,923km",광주,"1,189"
37,현대,그랜저 HG,LPG HG300 모던,,13/04(14년식),"131,076km",대전,"1,080"
38,현대,그랜저 HG,HG240 모던,,13/06(14년식),"128,300km",서울,"1,239"
39,현대,그랜저 HG,HG300 프리미엄,,13/09(14년식),"174,902km",경기,899
40,현대,그랜저 HG,LPG HG300 모던,,13/08(14년식),"137,626km",인천,"1,170"
41,현대,그랜저 HG,LPG HG300 모던,,13/06(14년식),"142,923km",광주,"1,189"
42,현대,그랜저 HG,LPG HG300 모던,,13/04(14년식),"131,076km",대전,"1,080"
43,현대,그랜저 HG,HG240 모던,,13/06(14년식),"128,300km",서울,"1,239"
44,현대,그랜저 HG,HG300 프리미엄,,13/09(14년식),"174,902km",경기,899
45,현대,그랜저 HG,LPG HG300 모던,,13/08(14년식),"137,626km",인천,"1,170"
46,현대,그랜저 HG,LPG HG300 모던,,13/06(14년식),"142,923km",광주,"1,189"
47,현대,그랜저 HG,LPG HG300 모던,,13/04(14년식),"131,076km",대전,"1,080"
48,현대,그랜저 HG,HG240 모던,,13/06(14년식),"128,300km",서울,"1,239"
49,현대,그랜저 HG,HG300 프리미엄,,13/09(14년식),"174,902km",경기,899
50,현대,그랜저 HG,LPG HG300 모던,,13/08(14년식),"137,626km",인천,"1,170"
51,현대,그랜저 HG,LPG HG300 모던,,13/06(14년식),"142,923km",광주,"1,189"
52,현대,그랜저 HG,LPG HG300 모던,,13/04(14년식),"131,076km",대전,"1,080"
53,현대,그랜저 HG,HG240 모던,,13/06(14년식),"128,300km",서울,"1,239"
54,현대,그랜저 HG,HG300 프리미엄,,13/09(14년식),"174,902km",경기,899
55,현대,그랜저 HG,LPG HG300 모던,,13/08(14년식),"137,626km",인천,"1,170"
56,현대,그랜저 HG,LPG HG300 모던,,13/06(14년식),"142,923km",광주,"1,189"
57,현대,그랜저 HG,LPG HG300 모던,,13/04(14년식),"131,076km",대전,"1,080"
58,현대,그랜저 HG,HG240 모던,,13/06(14년식),"128,300km",서울,"1,239"
59,현대,그랜저 HG,HG300 프리미엄,,13/09(14년식),"174,902km",경기,899
60,현대,그랜저 HG,LPG HG300 모던,,13/08(14년식),"137,626km",인천,"1,170"
61,현대,그랜저 HG,LPG HG300 모던,,13/06(14년식),"142,923km",광주,"1,189"
62,현대,그랜저 HG,LPG HG300 모던,,13/04(14년식),"131,076km",대전,"1,080"
63,현대,그랜저 HG,HG240 모던,,13/06(14년식),"128,300km",서울,"1,239"
64,현대,그랜저 HG,HG300 프리미엄,,13/09(14년식),"174,902km",경기,899
65,현대,그랜저 HG,LPG HG300 모던,,13/08(14년식),"137,626km",인천,"1,170"
66,현대,그랜저 HG,LPG HG300 모던,,13/06(14년식),"142,923km",광주,"1,189"
67,현대,그랜저 HG,LPG HG300 모던,,13/04(14년식),"131,076km",대전,"1,080"
68,현대,그랜저 HG,HG240 모던,,13/06(14년식),"128,300km",서울,"1,239"
69,현대,그랜저 HG,HG300 프리미엄,,13/09(14년식),"174,902km",경기,899
70,현대,그랜저 HG,LPG HG300 모던,,13/08(14년식),"137,626km",인천,"1,170"
71,현대,그랜저 HG,LPG HG300 모던,,13/06(14년식),"142,923km",광주,"1,189"
72,현대,그랜저 HG,LPG HG300 모던,,13/04(14년식),"131,076km",대전,"1,080"
73,현대,그랜저 HG,HG240 모던,,13/06(14년식),"128,300km",서울,"1,239"
74,현대,그랜저 HG,HG300 프리미엄,,13/09(14년식),"174,902km",경기,899
75,현대,그랜저 HG,LPG HG300 모던,,13/08(14년식),"137,626km",인천,"1,170"
76,현대,그랜저 HG,LPG HG300 모던,,13/06(14년식),"142,923km",광주,"1,189"
77,현대,그랜저 HG,LPG HG300 모던,,13/04(14년식),"131,076km",대전,"1,080"
78,현대,그랜저 HG,HG240 모던,,13/06(14년식),"128,300km",서울,"1,239"
79,현대,그랜저 HG,HG300 프리미엄,,13/09(14년식),"174,902km",경기,899
80,현대,그랜저 HG,LPG HG300 모던,,13/08(14년식),"137,626km",인천,"1,170"
81,현대,그랜저 HG,LPG HG300 모던,,13/06(14년식),"142,923km",광주,"1,189"
82,현대,그랜저 HG,LPG HG300 모던,,13/04(14년식),"131,076km",대전,"1,080"
83,현대,그랜저 HG,HG240 모던,,13/06(14년식),"128,300km",서울,"1,239"
84,현대,그랜저 HG,HG300 프리미엄,,13/09(14년식),"174,902km",경기,899
85,현대,그랜저 HG,LPG HG300 모던,,13/08(14년식),"137,626km",인천,"1,170"
86,현대,그랜저 HG,LPG HG300 모던,,13/06(14년식),"142,923km",광주,"1,189"
87,현대,그랜저 HG,LPG HG300 모던,,13/04(14년식),"131,076km",대전,"1,080"
88,현대,그랜저 HG,HG240 모던,,13/06(14년식),"128,300km",서울,"1,239"
89,현대,그랜저 HG,HG300 프리미엄,,13/09(14년식),"174,902km",경기,899
90,현대,그랜저 HG,LPG HG300 모던,,13/08(14년식),"137,626km",인천,"1,170"
91,현대,그랜저 HG,LPG HG300 모던,,13/06(14년식),"142,923km",광주,"1,189"
92,현대,그랜저 HG,LPG HG300 모던,,13/04(14년식),"131,076km",대전,"1,080"
93,현대,그랜저 HG,HG240 모던,,13/06(14년식),"128,300km",서울,"1,239"
94,현대,그랜저 HG,HG300 프리미엄,,13/09(14년식),"174,902km",경기,899
95,현대,그랜저 HG,LPG HG300 모던,,13/08(14년식),"137,626km",인천,"1,170"
96,현대,그랜저 HG,LPG HG300 모던,,13/06(14년식),"142,923km",광주,"1,189"
97,현대,그랜저 HG,LPG HG300 모던,,13/04(14년식),"131,076km",대전,"1,080"
98,현대,그랜저 HG,HG240 모던,,13/06(14년식),"128,300km",서울,"1,239"
99,현대,그랜저 HG,HG300 프리미엄,,13/09(14년식),"174,902km",경기,899
100,현대,그랜저 HG,LPG HG300 모던,,13/08(14년식),"137,626km",인천,"1,170"
101,현대,그랜저 HG,LPG HG300 모던,,13/06(14년식),"142,923km",광주,"1,189"
102,현대,그랜저 HG,LPG HG300 모던,,13/04(14년식),"131,076km",대전,"1,080"
103,현대,그랜저 HG,HG240 모던,,13/06(14년식),"128,300km",서울,"1,239"
104,현대,그랜저 HG,HG300 프리미엄,,13/09(14년식),"174,902km",경기,899
105,현대,그랜저 HG,LPG HG300 모던,,13/08(14년식),"137,626km",인천,"1,170"
106,현대,그랜저 HG,LPG HG300 모던,,13/06(14년식),"142,923km",광주,"1,189"
107,현대,그랜저 HG,LPG HG300 모던,,13/04(14년식),"131,076km",대전,"1,080"
108,현대,그랜저 HG,HG240 모던,,13/06(14년식),"128,300km",서울,"1,239"
109,현대,그랜저 HG,HG300 프리미엄,,13/09(14년식),"174,902km",경기,899
110,현대,그랜저 HG,LPG HG300 모던,,13/08(14년식),"137,626km",인천,"1,170"
111,현대,그랜저 HG,LPG HG300 모던,,13/06(14년식),"142,923km",광주,"1,189"
112,현대,그랜저 HG,LPG HG300 모던,,13/04(14년식),"131,076km",대전,"1,080"
113,현대,그랜저 HG,HG240 모던,,13/06(14년식),"128,300km",서울,"1,239"
114,현대,그랜저 HG,HG300 프리미엄,,13/09(14년식),"174,902km",경기,899
115,현대,그랜저 HG,LPG HG300 모던,,13/08(14년식),"137,626km",인천,"1,170"
116,현대,그랜저 HG,LPG HG300 모던,,13/06(14년식),"142,923km",광주,"1,189"
117,현대,그랜저 HG,LPG HG300 모던,,13/04(14년식),"131,076km",대전,"1,080"
118,현대,그랜저 HG,HG240 모던,,13/06(14년식),"128,300km",서울,"1,239"
119,현대,그랜저 HG,HG300 프리미엄,,13/09(14년식),"174,902km",경기,899
120,현대,그랜저 HG,LPG HG300 모던,,13/08(14년식),"137,626km",인천,"1,170"
121,현대,그랜저 HG,LPG HG300 모던,,13/06(14년식),"142,923km",광주,"1,189"
122,현대,그랜저 HG,LPG HG300 모던,,13/04(14년식),"131,076km",대전,"1,080"
123,현대,그랜저 HG,HG240 모던,,13/06(14년식),"128,300km",서울,"1,239"
124,현대,그랜저 HG,HG300 프리미엄,,13/09(14년식),"174,902km",경기,899
125,현대,그랜저 HG,LPG HG300 모던,,13/08(14년식),"137,626km",인천,"1,170"
126,현대,그랜저 HG,LPG HG300 모던,,13/06(14년식),"142,923km",광주,"1,189"
127,현대,그랜저 HG,LPG HG300 모던,,13/04(14년식),"131,076km",대전,"1,080"
128,현대,그랜저 HG,HG240 모던,,13/06(14년식),"128,300km",서울,"1,239"
129,현대,그랜저 HG,HG300 프리미엄,,13/09(14년식),"174,902km",경기,899
130,현대,그랜저 HG,LPG HG300 모던,,13/08(14년식),"137,626km",인천,"1,170"
131,현대,그랜저 HG,LPG HG300 모던,,13/06(14년식),"142,923km",광주,"1,189"
132,현대,그랜저 HG,LPG HG300 모던,,13/04(14년식),"131,076km",대전,"1,080"
133,현대,그랜저 HG,HG240 모던,,13/06(14년식),"128,300km",서울,"1,239"
134,현대,그랜저 HG,HG300 프리미엄,,13/09(14년식),"174,902km",경기,899
135,현대,그랜저 HG,LPG HG300 모던,,13/08(14년식),"137,626km",인천,"1,170"
136,현대,그랜저 HG,LPG HG300 모던,,13/06(14년식),"142,923km",광주,"1,189"
137,현대,그랜저 HG,LPG HG300 모던,,13/04(14년식),"131,076km",대전,"1,080"
138,현대,그랜저 HG,HG240 모던,,13/06(14년식),"128,300km",서울,"1,239"
139,현대,그랜저 HG,HG300 프리미엄,,13/09(14년식),"174,902km",경기,899
140,현대,그랜저 HG,LPG HG300 모던,,13/08(14년식),"137,626km",인천,"1,170"
141,현대,그랜저 HG,LPG HG300 모던,,13/06(14년식),"142,923km",광주,"1,189"
142,현대,그랜저 HG,LPG HG300 모던,,13/04(14년식),"131,076km",대전,"1,080"
143,현대,그랜저 HG,HG240 모던,,13/06(14년식),"128,300km",서울,"1,239"
144,현대,그랜저 HG,HG300 프리미엄,,13/09(14년식),"174,902km",경기,899
145,현대,그랜저 HG,LPG HG300 모던,,13/08(14년식),"137,626km",인천,"1,170"
146,현대,그랜저 HG,LPG HG300 모던,,13/06(14년식),"142,923km",광주,"1,189"
147,현대,그랜저 HG,LPG HG300 모던,,13/04(14년식),"131,076km",대전,"1,080"
148,현대,그랜저 HG,HG240 모던,,13/06(14년식),"128,300km",서울,"1,239"
149,현대,그랜저 HG,HG300 프리미엄,,13/09(14년식),"174,902km",경기,899
150,현대,그랜저 HG,LPG HG300 모던,,13/08(14년식),"137,626km",인천,"1,170"
151,현대,그랜저 HG,LPG HG300 모던,,13/06(14년식),"142,923km",광주,"1,189"
152,현대,그랜저 HG,LPG HG300 모던,,13/04(14년식),"131,076km",대전,"1,080"
153,현대,그랜저 HG,HG240 모던,,13/06(14년식),"128,300km",서울,"1,239"
154,현대,그랜저 HG,HG300 프리미엄,,13/09(14년식),"174,902km",경기,899
155,현대,그랜저 HG,LPG HG300 모던,,13/08(14년식),"137,626km",인천,"1,170"
156,현대,그랜저 HG,LPG HG300 모던,,13/06(14년식),"142,923km",광주,"1,189"
157,현대,그랜저 HG,LPG HG300 모던,,13/04(14년식),"131,076km",대전,"1,080"
158,현대,그랜저 HG,HG240 모던,,13/06(14년식),"128,300km",서울,"1,239"
159,현대,그랜저 HG,HG300 프리미엄,,13/09(14년식),"174,902km",경기,899
160,현대,그랜저 HG,LPG HG300 모던,,13/08(14년식),"137,626km",인천,"1,170"
161,현대,그랜저 HG,LPG HG300 모던,,13/06(14년식),"142,923km",광주,"1,189"
162,현대,그랜저 HG,LPG HG300 모던,,13/04(14년식),"131,076km",대전,"1,080"
163,현대,그랜저 HG,HG240 모던,,13/06(14년식),"128,300km",서울,"1,239"
164,현대,그랜저 HG,HG300 프리미엄,,13/09(14년식),"174,902km",경기,899
165,현대,그랜저 HG,LPG HG300 모던,,13/08(14년식),"137,626km",인천,"1,170"
166,현대,그랜저 HG,LPG HG300 모던,,13/06(14년식),"142,923km",광주,"1,189"
167,현대,그랜저 HG,LPG HG300 모던,,13/04(14년식),"131,076km",대전,"1,080"
168,현대,그랜저 HG,HG240 모던,,13/06(14년식),"128,300km",서울,"1,239"
169,현대,그랜저 HG,HG300 프리미엄,,13/09(14년식),"174,902km",경기,899
170,현대,그랜저 HG,LPG HG300 모던,,13/08(14년식),"137,626km",인천,"1,170"
171,현대,그랜저 HG,LPG HG300 모던,,13/06(14년식),"142,923km",광주,"1,189"
172,현대,그랜저 HG,LPG HG300 모던,,13/04(14년식),"131,076km",대전,"1,080"
173,현대,그랜저 HG,HG240 모던,,13/06(14년식),"128,300km",서울,"1,239"
174,현대,그랜저 HG,HG300 프리미엄,,13/09(14년식),"174,902km",경기,899
175,현대,그랜저 HG,LPG HG300 모던,,13/08(14년식),"137,626km",인천,"1,170"
176,현대,그랜저 HG,LPG HG300 모던,,13/06(14년식),"142,923km",광주,"1,189"
177,현대,그랜저 HG,LPG HG300 모던,,13/04(14년식),"131,076km",대전,"1,080"
178,현대,그랜저 HG,HG240 모던,,13/06(14년식),"128,300km",서울,"1,239"
179,현대,그랜저 HG,HG300 프리미엄,,13/09(14년식),"174,902km",경기,899
180,현대,그랜저 HG,LPG HG300 모던,,13/08(14년식),"137,626km",인천,"1,170"
181,현대,그랜저 HG,LPG HG300 모던,,13/06(14년식),"142,923km",광주,"1,189"
182,현대,그랜저 HG,LPG HG300 모던,,13/04(14년식),"131,076km",대전,"1,080"
183,현대,그랜저 HG,HG240 모던,,13/06(14년식),"128,300km",서울,"1,239"
184,현대,그랜저 HG,HG300 프리미엄,,13/09(14년식),"174,902km",경기,899
185,현대,그랜저 HG,LPG HG300 모던,,13/08(14년식),"137,626km",인천,"1,170"
186,현대,그랜저 HG,LPG HG300 모던,,13/06(14년식),"142,923km",광주,"1,189"
187,현대,그랜저 HG,LPG HG300 모던,,13/04(14년식),"131,076km",대전,"1,080"
188,현대,그랜저 HG,HG240 모던,,13/06(14년식),"128,300km",서울,"1,239"
189,현대,그랜저 HG,HG300 프리미엄,,13/09(14년식),"174,902km",경기,899
190,현대,그랜저 HG,LPG HG300 모던,,13/08(14년식),"137,626km",인천,"1,170"
191,현대,그랜저 HG,LPG HG300 모던,,13/06(14년식),"142,923km",광주,"1,189"
192,현대,그랜저 HG,LPG HG300 모던,,13/04(14년식),"131,076km",대전,"1,080"
193,현대,그랜저 HG,HG240 모던,,13/06(14년식),"128,300km",서울,"1,239"
194,현대,그랜저 HG,HG300 프리미엄,,13/09(14년식),"174,902km",경기,899
195,현대,그랜저 HG,LPG HG300 모던,,13/08(14년식),"137,626km",인천,"1,170"
196,현대,그랜저 HG,LPG HG300 모던,,13/06(14년식),"142,923km",광주,"1,189"
197,현대,그랜저 HG,LPG HG300 모던,,13/04(14년식),"131,076km",대전,"1,080"
198,현대,그랜저 HG,HG240 모던,,13/06(14년식),"128,300km",서울,"1,239"
199,현대,그랜저 HG,HG300 프리미엄,,13/09(14년식),"174,902km",경기,899
200,현대,그랜저 HG,LPG HG300 모던,,13/08(14년식),"137,626km",인천,"1,170"
201,현대,그랜저 HG,LPG HG300 모던,,13/06(14년식),"142,923km",광주,"1,189"
202,현대,그랜저 HG,LPG HG300 모던,,13/04(14년식),"131,076km",대전,"1,080"
203,현대,그랜저 HG,HG240 모던,,13/06(14년식),"128,300km",서울,"1,239"
204,현대,그랜저 HG,HG300 프리미엄,,13/09(14년식),"174,902km",경기,899
205,현대,그랜저 HG,LPG HG300 모던,,13/08(14년식),"137,626km",인천,"1,170"
206,현대,그랜저 HG,LPG HG300 모던,,13/06(14년식),"142,923km",광주,"1,189"
207,현대,그랜저 HG,LPG HG300 모던,,13/04(14년식),"131,076km",대전,"1,080"
208,현대,그랜저 HG,HG240 모던,,13/06(14년식),"128,300km",서울,"1,239"
209,현대,그랜저 HG,HG300 프리미엄,,13/09(14년식),"174,902km",경기,899
210,현대,그랜저 HG,LPG HG300 모던,,13/08(14년식),"137,626km",인천,"1,170"
211,현대,그랜저 HG,LPG HG300 모던,,13/06(14년식),"142,923km",광주,"1,189"
212,현대,그랜저 HG,LPG HG300 모던,,13/04(14년식),"131,076km",대전,"1,080"
213,현대,그랜저 HG,HG240 모던,,13/06(14년식),"128,300km",서울,"1,239"
214,현대,그랜저 HG,HG300 프리미엄,,13/09(14년식),"174,902km",경기,899
215,현대,그랜저 HG,LPG HG300 모던,,13/08(14년식),"137,626km",인천,"1,170"
216,현대,그랜저 HG,LPG HG300 모던,,13/06(14년식),"142,923km",광주,"1,189"
217,현대,그랜저 HG,LPG HG300 모던,,13/04(14년식),"131,076km",대전,"1,080"
218,현대,그랜저 HG,HG240 모던,,13/06(14년식),"128,300km",서울,"1,239"
219,현대,그랜저 HG,HG300 프리미엄,,13/09(14년식),"174,902km",경기,899
220,현대,그랜저 HG,LPG HG300 모던,,13/08(14년식),"137,626km",인천,"1,170"
221,현대,그랜저 HG,LPG HG300 모던,,13/06(14년식),"142,923km",광주,"1,189"
222,현대,그랜저 HG,LPG HG300 모던,,13/04(14년식),"131,076km",대전,"1,080"
223,현대,그랜저 HG,HG240 모던,,13/06(14년식),"128,300km",서울,"1,239"
224,현대,그랜저 HG,HG300 프리미엄,,13/09(14년식),"174,902km",경기,899
225,현대,그랜저 HG,LPG HG300 모던,,13/08(14년식),"137,626km",인천,"1,170"
226,현대,그랜저 HG,LPG HG300 모던,,13/06(14년식),"142,923km",광주,"1,189"
227,현대,그랜저 HG,LPG HG300 모던,,13/04(14년식),"131,076km",대전,"1,080"
228,현대,그랜저 HG,HG240 모던,,13/06(14년식),"128,300km",서울,"1,239"
229,현대,그랜저 HG,HG300 프리미엄,,13/09(14년식),"174,902km",경기,899
230,현대,그랜저 HG,LPG HG300 모던,,13/08(14년식),"137,626km",인천,"1,170"
231,현대,그랜저 HG,LPG HG300 모던,,13/06(14년식),"142,923km",광주,"1,189"
232,현대,그랜저 HG,LPG HG300 모던,,13/04(14년식),"131,076km",대전,"1,080"
233,현대,그랜저 HG,HG240 모던,,13/06(14년식),"128,300km",서울,"1,239"
234,현대,그랜저 HG,HG300 프리미엄,,13/09(14년식),"174,902km",경기,899
235,현대,그랜저 HG,LPG HG300 모던,,13/08(14년식),"137,626km",인천,"1,170"
236,현대,그랜저 HG,LPG HG300 모던,,13/06(14년식),"142,923km",광주,"1,189"
237,현대,그랜저 HG,LPG HG300 모던,,13/04(14년식),"131,076km",대전,"1,080"
238,현대,그랜저 HG,HG240 모던,,13/06(14년식),"128,300km",서울,"1,239"
239,현대,그랜저 HG,HG300 프리미엄,,13/09(14년식),"174,902km",경기,899
240,현대,그랜저 HG,LPG HG300 모던,,13/08(14년식),"137,626km",인천,"1,170"
241,현대,그랜저 HG,LPG HG300 모던,,13/06(14년식),"142,923km",광주,"1,189"
242,현대,그랜저 HG,LPG HG300 모던,,13/04(14년식),"131,076km",대전,"1,080"
243,현대,그랜저 HG,HG240 모던,,13/06(14년식),"128,300km",서울,"1,239"
244,현대,그랜저 HG,HG300 프리미엄,,13/09(14년식),"174,902km",경기,899
245,현대,그랜저 HG,LPG HG300 모던,,13/08(14년식),"137,626km",인천,"1,170"
246,현대,그랜저 HG,LPG HG300 모던,,13/06(14년식),"142,923km",광주,"1,189"
247,현대,그랜저 HG,LPG HG300 모던,,13/04(14년식),"131,076km",대전,"1,080"
248,현대,그랜저 HG,HG240 모던,,13/06(14년식),"128,300km",서울,"1,239"
249,현대,그랜저 HG,HG300 프리미엄,,13/09(14년식),"174,902km",경기,899
250,현대,그랜저 HG,LPG HG300 모던,,13/08(14년식),"137,626km",인천,"1,170"
251,현대,그랜저 HG,LPG HG300 모던,,13/06(14년식),"142,923km",광주,"1,189"
252,현대,그랜저 HG,LPG HG300 모던,,13/04(14년식),"131,076km",대전,"1,080"
253,현대,그랜저 HG,HG240 모던,,13/06(14년식),"128,300km",서울,"1,239"
254,현대,그랜저 HG,HG300 프리미엄,,13/09(14년식),"174,902km",경기,899
255,현대,그랜저 HG,LPG HG300 모던,,13/08(14년식),"137,626km",인천,"1,170"
256,현대,그랜저 HG,LPG HG300 모던,,13/06(14년식),"142,923km",광주,"1,189"
257,현대,그랜저 HG,LPG HG300 모던,,13/04(14년식),"131,076km",대전,"1,080"
258,현대,그랜저 HG,HG240 모던,,13/06(14년식),"128,300km",서울,"1,239"
259,현대,그랜저 HG,HG300 프리미엄,,13/09(14년식),"174,902km",경기,899
260,현대,그랜저 HG,LPG HG300 모던,,13/08(14년식),"137,626km",인천,"1,170"
261,현대,그랜저 HG,LPG HG300 모던,,13/06(14년식),"142,923km",광주,"1,189"
262,현대,그랜저 HG,LPG HG300 모던,,13/04(14년식),"131,076km",대전,"1,080"
263,현대,그랜저 HG,HG240 모던,,13/06(14년식),"128,300km",서울,"1,239"
264,현대,그랜저 HG,HG300 프리미엄,,13/09(14년식),"174,902km",경기,899
265,현대,그랜저 HG,LPG HG300 모던,,13/08(14년식),"137,626km",인천,"1,170"
266,현대,그랜저 HG,LPG HG300 모던,,13/06(14년식),"142,923km",광주,"1,189"
267,현대,그랜저 HG,LPG HG300 모던,,13/04(14년식),"131,076km",대전,"1,080"
268,현대,그랜저 HG,HG240 모던,,13/06(14년식),"128,300km",서울,"1,239"
269,현대,그랜저 HG,HG300 프리미엄,,13/09(14년식),"174,902km",경기,899
270,현대,그랜저 HG,LPG HG300 모던,,13/08(14년식),"137,626km",인천,"1,170"
271,현대,그랜저 HG,LPG HG300 모던,,13/06(14년식),"142,923km",광주,"1,189"
272,현대,그랜저 HG,LPG HG300 모던,,13/04(14년식),"131,076km",대전,"1,080"
273,현대,그랜저 HG,HG240 모던,,13/06(14년식),"128,300km",서울,"1,239"
274,현대,그랜저 HG,HG300 프리미엄,,13/09(14년식),"174,902km",경기,899
275,현대,그랜저 HG,LPG HG300 모던,,13/08(14년식),"137,626km",인천,"1,170"
276,현대,그랜저 HG,LPG HG300 모던,,13/06(14년식),"142,923km",광주,"1,189"
277,현대,그랜저 HG,LPG HG300 모던,,13/04(14년식),"131,076km",대전,"1,080"
278,현대,그랜저 HG,HG240 모던,,13/06(14년식),"128,300km",서울,"1,239"
279,현대,그랜저 HG,HG300 프리미엄,,13/09(14년식),"174,902km",경기,899
280,현대,그랜저 HG,LPG HG300 모던,,13/08(14년식),"137,626km",인천,"1,170"
281,현대,그랜저 HG,LPG HG300 모던,,13/06(14년식),"142,923km",광주,"1,189"
282,현대,그랜저 HG,LPG HG300 모던,,13/04(14년식),"131,076km",대전,"1,080"
283,현대,그랜저 HG,HG240 모던,,13/06(14년식),"128,300km",서울,"1,239"
284,현대,그랜저 HG,HG300 프리미엄,,13/09(14년식),"174,902km",경기,899
285,현대,그랜저 HG,LPG HG300 모던,,13/08(14년식),"137,626km",인천,"1,170"
286,현대,그랜저 HG,LPG HG300 모던,,13/06(14년식),"142,923km",광주,"1,189"
287,현대,그랜저 HG,LPG HG300 모던,,13/04(14년식),"131,076km",대전,"1,080"
288,현대,그랜저 HG,HG240 모던,,13/06(14년식),"128,300km",서울,"1,239"
289,현대,그랜저 HG,HG300 프리미엄,,13/09(14년식),"174,902km",경기,899
290,현대,그랜저 HG,LPG HG300 모던,,13/08(14년식),"137,626km",인천,"1,170"
291,현대,그랜저 HG,LPG HG300 모던,,13/06(14년식),"142,923km",광주,"1,189"
292,현대,그랜저 HG,LPG HG300 모던,,13/04(14년식),"131,076km",대전,"1,080"
293,현대,그랜저 HG,HG240 모던,,13/06(14년식),"128,300km",서울,"1,239"
294,현대,그랜저 HG,HG300 프리미엄,,13/09(14년식),"174,902km",경기,899
295,현대,그랜저 HG,LPG HG300 모던,,13/08(14년식),"137,626km",인천,"1,170"
296,현대,그랜저 HG,LPG HG300 모던,,13/06(14년식),"142,923km",광주,"1,189"
297,현대,그랜저 HG,LPG HG300 모던,,13/04(14년식),"131,076km",대전,"1,080"
298,현대,그랜저 HG,HG240 모던,,13/06(14년식),"128,300km",서울,"1,239"
299,현대,그랜저 HG,HG300 프리미엄,,13/09(14년식),"174,902km",경기,899
300,현대,그랜저 HG,LPG HG300 모던,,13/08(14년식),"137,626km",인천,"1,170"
301,현대,그랜저 HG,LPG HG300 모던,,13/06(14년식),"142,923km",광주,"1,189"
302,현대,그랜저 HG,LPG HG300 모던,,13/04(14년식),"131,076km",대전,"1,080"
303,현대,그랜저 HG,HG240 모던,,13/06(14년식),"128,300km",서울,"1,239"
304,현대,그랜저 HG,HG300 프리미엄,,13/09(14년식),"174,902km",경기,899
305,현대,그랜저 HG,LPG HG300 모던,,13/08(14년식),"137,626km",인천,"1,170"
306,현대,그랜저 HG,LPG HG300 모던,,13/06(14년식),"142,923km",광주,"1,189"
307,현대,그랜저 HG,LPG HG300 모던,,13/04(14년식),"131,076km",대전,"1,080"
308,현대,그랜저 HG,HG240 모던,,13/06(14년식),"128,300km",서울,"1,239"
309,현대,그랜저 HG,HG300 프리미엄,,13/09(14년식),"174,902km",경기,899
310,현대,그랜저 HG,LPG HG300 모던,,13/08(14년식),"137,626km",인천,"1,170"
311,현대,그랜저 HG,LPG HG300 모던,,13/06(14년식),"142,923km",광주,"1,189"
312,현대,그랜저 HG,LPG HG300 모던,,13/04(14년식),"131,076km",대전,"1,080"
313,현대,그랜저 HG,HG240 모던,,13/06(14년식),"128,300km",서울,"1,239"
314,현대,그랜저 HG,HG300 프리미엄,,13/09(14년식),"174,902km",경기,899
315,현대,그랜저 HG,LPG HG300 모던,,13/08(14년식),"137,626km",인천,"1,170"
316,현대,그랜저 HG,LPG HG300 모던,,13/06(14년식),"142,923km",광주,"1,189"
317,현대,그랜저 HG,LPG HG300 모던,,13/04(14년식),"131,076km",대전,"1,080"
318,현대,그랜저 HG,HG240 모던,,13/06(14년식),"128,300km",서울,"1,239"
319,현대,그랜저 HG,HG300 프리미엄,,13/09(14년식),"174,902km",경기,899
320,현대,그랜저 HG,LPG HG300 모던,,13/08(14년식),"137,626km",인천,"1,170"
321,현대,그랜저 HG,LPG HG300 모던,,13/06(14년식),"142,923km",광주,"1,189"
322,현대,그랜저 HG,LPG HG300 모던,,13/04(14년식),"131,076km",대전,"1,080"
323,현대,그랜저 HG,HG240 모던,,13/06(14년식),"128,300km",서울,"1,239"
324,현대,그랜저 HG,HG300 프리미엄,,13/09(14년식),"174,902km",경기,899
325,현대,그랜저 HG,LPG HG300 모던,,13/08(14년식),"137,626km",인천,"1,170"
326,현대,그랜저 HG,LPG HG300 모던,,13/06(14년식),"142,923km",광주,"1,189"
327,현대,그랜저 HG,LPG HG300 모던,,13/04(14년식),"131,076km",대전,"1,080"
328,현대,그랜저 HG,HG240 모던,,13/06(14년식),"128,300km",서울,"1,239"
329,현대,그랜저 HG,HG300 프리미엄,,13/09(14년식),"174,902km",경기,899
330,현대,그랜저 HG,LPG HG300 모던,,13/08(14년식),"137,626km",인천,"1,170"
331,현대,그랜저 HG,LPG HG300 모던,,13/06(14년식),"142,923km",광주,"1,189"
332,현대,그랜저 HG,LPG HG300 모던,,13/04(14년식),"131,076km",대전,"1,080"
333,현대,그랜저 HG,HG240 모던,,13/06(14년식),"128,300km",서울,"1,239"
334,현대,그랜저 HG,HG300 프리미엄,,13/09(14년식),"174,902km",경기,899
335,현대,그랜저 HG,LPG HG300 모던,,13/08(14년식),"137,626km",인천,"1,170"
336,현대,그랜저 HG,LPG HG300 모던,,13/06(14년식),"142,923km",광주,"1,189"
337,현대,그랜저 HG,LPG HG300 모던,,13/04(14년식),"131,076km",대전,"1,080"
338,현대,그랜저 HG,HG240 모던,,13/06(14년식),"128,300km",서울,"1,239"
339,현대,그랜저 HG,HG300 프리미엄,,13/09(14년식),"174,902km",경기,899
340,현대,그랜저 HG,LPG HG300 모던,,13/08(14년식),"137,626km",인천,"1,170"
341,현대,그랜저 HG,LPG HG300 모던,,13/06(14년식),"142,923km",광주,"1,189"
342,현대,그랜저 HG,LPG HG300 모던,,13/04(14년식),"131,076km",대전,"1,080"
343,현대,그랜저 HG,HG240 모던,,13/06(14년식),"128,300km",서울,"1,239"
344,현대,그랜저 HG,HG300 프리미엄,,13/09(14년식),"174,902km",경기,899
345,현대,그랜저 HG,LPG HG300 모던,,13/08(14년식),"137,626km",인천,"1,170"
346,현대,그랜저 HG,LPG HG300 모던,,13/06(14년식),"142,923km",광주,"1,189"
347,현대,그랜저 HG,LPG HG300 모던,,13/04(14년식),"131,076km",대전,"1,080"
348,현대,그랜저 HG,HG240 모던,,13/06(14년식),"128,300km",서울,"1,239"
349,현대,그랜저 HG,HG300 프리미엄,,13/09(14년식),"174,902km",경기,899
350,현대,그랜저 HG,LPG HG300 모던,,13/08(14년식),"137,626km",인천,"1,170"
351,현대,그랜저 HG,LPG HG300 모던,,13/06(14년식),"142,923km",광주,"1,189"
352,현대,그랜저 HG,LPG HG300 모던,,13/04(14년식),"131,076km",대전,"1,080"
353,현대,그랜저 HG,HG240 모던,,13/06(14년식),"128,300km",서울,"1,239"
354,현대,그랜저 HG,HG300 프리미엄,,13/09(14년식),"174,902km",경기,899
355,현대,그랜저 HG,LPG HG300 모던,,13/08(14년식),"137,626km",인천,"1,170"
356,현대,그랜저 HG,LPG HG300 모던,,13/06(14년식),"142,923km",광주,"1,189"
357,현대,그랜저 HG,LPG HG300 모던,,13/04(14년식),"131,076km",대전,"1,080"
358,현대,그랜저 HG,HG240 모던,,13/06(14년식),"128,300km",서울,"1,239"
359,현대,그랜저 HG,HG300 프리미엄,,13/09(14년식),"174,902km",경기,899
360,현대,그랜저 HG,LPG HG300 모던,,13/08(14년식),"137,626km",인천,"1,170"
361,현대,그랜저 HG,LPG HG300 모던,,13/06(14년식),"142,923km",광주,"1,189"
362,현대,그랜저 HG,LPG HG300 모던,,13/04(14년식),"131,076km",대전,"1,080"
363,현대,그랜저 HG,HG240 모던,,13/06(14년식),"128,300km",서울,"1,239"
364,현대,그랜저 HG,HG300 프리미엄,,13/09(14년식),"174,902km",경기,899
365,현대,그랜저 HG,LPG HG300 모던,,13/08(14년식),"137,626km",인천,"1,170"
366,현대,그랜저 HG,LPG HG300 모던,,13/06(14년식),"142,923km",광주,"1,189"
367,현대,그랜저 HG,LPG HG300 모던,,13/04(14년식),"131,076km",대전,"1,080"
368,현대,그랜저 HG,HG240 모던,,13/06(14년식),"128,300km",서울,"1,239"
369,현대,그랜저 HG,HG300 프리미엄,,13/09(14년식),"174,902km",경기,899
370,현대,그랜저 HG,LPG HG300 모던,,13/08(14년식),"137,626km",인천,"1,170"
371,현대,그랜저 HG,LPG HG300 모던,,13/06(14년식),"142,923km",광주,"1,189"
372,현대,그랜저 HG,LPG HG300 모던,,13/04(14년식),"131,076km",대전,"1,080"
373,현대,그랜저 HG,HG240 모던,,13/06(14년식),"128,300km",서울,"1,239"
374,현대,그랜저 HG,HG300 프리미엄,,13/09(14년식),"174,902km",경기,899
375,현대,그랜저 HG,LPG HG300 모던,,13/08(14년식),"137,626km",인천,"1,170"
376,현대,그랜저 HG,LPG HG300 모던,,13/06(14년식),"142,923km",광주,"1,189"
377,현대,그랜저 HG,LPG HG300 모던,,13/04(14년식),"131,076km",대전,"1,080"
378,현대,그랜저 HG,HG240 모던,,13/06(14년식),"128,300km",서울,"1,239"
379,현대,그랜저 HG,HG300 프리미엄,,13/09(14년식),"174,902km",경기,899
380,현대,그랜저 HG,LPG HG300 모던,,13/08(14년식),"137,626km",인천,"1,170"
381,현대,그랜저 HG,LPG HG300 모던,,13/06(14년식),"142,923km",광주,"1,189"
382,현대,그랜저 HG,LPG HG300 모던,,13/04(14년식),"131,076km",대전,"1,080"
383,현대,그랜저 HG,HG240 모던,,13/06(14년식),"128,300km",서울,"1,239"
384,현대,그랜저 HG,HG300 프리미엄,,13/09(14년식),"174,902km",경기,899
385,현대,그랜저 HG,LPG HG300 모던,,13/08(14년식),"137,626km",인천,"1,170"
386,현대,그랜저 HG,LPG HG300 모던,,13/06(14년식),"142,923km",광주,"1,189"
387,현대,그랜저 HG,LPG HG300 모던,,13/04(14년식),"131,076km",대전,"1,080"
388,현대,그랜저 HG,HG240 모던,,13/06(14년식),"128,300km",서울,"1,239"
389,현대,그랜저 HG,HG300 프리미엄,,13/09(14년식),"174,902km",경기,899
390,현대,그랜저 HG,LPG HG300 모던,,13/08(14년식),"137,626km",인천,"1,170"
391,현대,그랜저 HG,LPG HG300 모던,,13/06(14년식),"142,923km",광주,"1,189"
392,현대,그랜저 HG,LPG HG300 모던,,13/04(14년식),"131,076km",대전,"1,080"
393,현대,그랜저 HG,HG240 모던,,13/06(14년식),"128,300km",서울,"1,239"
394,현대,그랜저 HG,HG300 프리미엄,,13/09(14년식),"174,902km",경기,899
395,현대,그랜저 HG,LPG HG300 모던,,13/08(14년식),"137,626km",인천,"1,170"
396,현대,그랜저 HG,LPG HG300 모던,,13/06(14년식),"142,923km",광주,"1,189"
397,현대,그랜저 HG,LPG HG300 모던,,13/04(14년식),"131,076km",대전,"1,080"
398,현대,그랜저 HG,HG240 모던,,13/06(14년식),"128,300km",서울,"1,239"
399,현대,그랜저 HG,HG300 프리미엄,,13/09(14년식),"174,902km",경기,899
400,현대,그랜저 HG,LPG HG300 모던,,13/08(14년식),"137,626km",인천,"1,170"
401,현대,그랜저 HG,LPG HG300 모던,,13/06(14년식),"142,923km",광주,"1,189"
402,현대,그랜저 HG,LPG HG300 모던,,13/04(14년식),"131,076km",대전,"1,080"
403,현대,그랜저 HG,HG240 모던,,13/06(14년식),"128,300km",서울,"1,239"
404,현대,그랜저 HG,HG300 프리미엄,,13/09(14년식),"174,902km",경기,899
405,현대,그랜저 HG,LPG HG300 모던,,13/08(14년식),"137,626km",인천,"1,170"
406,현대,그랜저 HG,LPG HG300 모던,,13/06(14년식),"142,923km",광주,"1,189"
407,현대,그랜저 HG,LPG HG300 모던,,13/04(14년식),"131,076km",대전,"1,080"
408,현대,그랜저 HG,HG240 모던,,13/06(14년식),"128,300km",서울,"1,239"
409,현대,그랜저 HG,HG300 프리미엄,,13/09(14년식),"174,902km",경기,899
410,현대,그랜저 HG,LPG HG300 모던,,13/08(14년식),"137,626km",인천,"1,170"
411,현대,그랜저 HG,LPG HG300 모던,,13/06(14년식),"142,923km",광주,"1,189"
412,현대,그랜저 HG,LPG HG300 모던,,13/04(14년식),"131,076km",대전,"1,080"
413,현대,그랜저 HG,HG240 모던,,13/06(14년식),"128,300km",서울,"1,239"
414,현대,그랜저 HG,HG300 프리미엄,,13/09(14년식),"174,902km",경기,899
415,현대,그랜저 HG,LPG HG300 모던,,13/08(14년식),"137,626km",인천,"1,170"
416,현대,그랜저 HG,LPG HG300 모던,,13/06(14년식),"142,923km",광주,"1,189"
417,현대,그랜저 HG,LPG HG300 모던,,13/04(14년식),"131,076km",대전,"1,080"
418,현대,그랜저 HG,HG240 모던,,13/06(14년식),"128,300km",서울,"1,239"
419,현대,그랜저 HG,HG300 프리미엄,,13/09(14년식),"174,902km",경기,899
420,현대,그랜저 HG,LPG HG300 모던,,13/08(14년식),"137,626km",인천,"1,170"
421,현대,그랜저 HG,LPG HG300 모던,,13/06(14년식),"142,923km",광주,"1,189"
422,현대,그랜저 HG,LPG HG300 모던,,13/04(14년식),"131,076km",대전,"1,080"
423,현대,그랜저 HG,HG240 모던,,13/06(14년식),"128,300km",서울,"1,239"
424,현대,그랜저 HG,HG300 프리미엄,,13/09(14년식),"174,902km",경기,899
425,현대,그랜저 HG,LPG HG300 모던,,13/08(14년식),"137,626km",인천,"1,170"
426,현대,그랜저 HG,LPG HG300 모던,,13/06(14년식),"142,923km",광주,"1,189"
427,현대,그랜저 HG,LPG HG300 모던,,13/04(14년식),"131,076km",대전,"1,080"
428,현대,그랜저 HG,HG240 모던,,13/06(14년식),"128,300km",서울,"1,239"
429,현대,그랜저 HG,HG300 프리미엄,,13/09(14년식),"174,902km",경기,899
430,현대,그랜저 HG,LPG HG300 모던,,13/08(14년식),"137,626km",인천,"1,170"
431,현대,그랜저 HG,LPG HG300 모던,,13/06(14년식),"142,923km",광주,"1,189"
432,현대,그랜저 HG,LPG HG300 모던,,13/04(14년식),"131,076km",대전,"1,080"
433,현대,그랜저 HG,HG240 모던,,13/06(14년식),"128,300km",서울,"1,239"
434,현대,그랜저 HG,HG300 프리미엄,,13/09(14년식),"174,902km",경기,899
